Actual,Predicted
39.4900016784668,40.157063
39.810001373291016,39.682396
39.59999847412109,40.14942
40.18999862670898,39.81427
40.04999923706055,39.88934
40.02000045776367,40.195644
38.7400016784668,40.19401
38.58000183105469,38.823692
39.2599983215332,38.563602
39.58000183105469,39.472218
39.36000061035156,39.866238
39.790000915527344,39.481403
38.75,39.950737
38.91999816894531,38.521717
39.400001525878906,39.47101
39.959999084472656,39.829777
40.4900016784668,40.252075
40.130001068115234,40.702553
40.34000015258789,40.317253
39.95000076293945,40.323112
40.060001373291016,39.942787
39.56999969482422,40.20941
40.33000183105469,39.72466
40.25,40.169216
39.310001373291016,40.1364
39.61000061035156,39.203987
40.45000076293945,39.61509
40.400001525878906,40.241066
40.970001220703125,40.397984
40.95000076293945,40.65011
41.0,41.178734
40.619998931884766,40.780502
40.720001220703125,40.7494
40.119998931884766,40.811356
39.9900016784668,40.096806
40.470001220703125,40.084225
39.41999816894531,40.621407
38.88999938964844,39.263462
38.560001373291016,38.172394
38.650001525878906,38.350174
38.81999969482422,38.43309
39.02000045776367,38.554344
38.400001525878906,39.60773
37.5099983215332,38.29892
36.22999954223633,37.67224
34.68000030517578,36.231716
34.36000061035156,33.865948
35.619998931884766,35.01314
36.63999938964844,35.42102
36.5099983215332,36.577553
36.310001373291016,36.903713
34.75,36.369152
35.529998779296875,34.58286
35.75,35.97465
35.060001373291016,36.21103
36.209999084472656,35.25921
35.540000915527344,36.30702
35.86000061035156,36.094837
35.959999084472656,36.28914
35.54999923706055,36.16339
36.150001525878906,35.975285
36.52000045776367,36.390606
36.400001525878906,36.725803
35.7400016784668,36.533924
35.689998626708984,35.872234
35.04999923706055,36.17273
34.95000076293945,35.437553
34.54999923706055,34.7664
34.45000076293945,34.60401
33.369998931884766,34.703007
33.7400016784668,33.722122
34.33000183105469,34.1832
33.7400016784668,34.5056
34.66999816894531,34.122433
35.34000015258789,34.24612
34.900001525878906,35.6752
35.540000915527344,34.63824
36.0099983215332,36.00788
36.22999954223633,36.29485
35.9900016784668,36.27491
35.630001068115234,36.162903
35.04999923706055,36.038853
35.58000183105469,35.690495
35.779998779296875,35.184475
36.22999954223633,36.081276
36.31999969482422,36.354275
35.900001525878906,36.27513
36.09000015258789,36.188168
37.11000061035156,36.652172
36.83000183105469,36.951492
37.04999923706055,36.656494
37.52000045776367,36.66562
37.70000076293945,37.099358
37.7599983215332,36.9075
38.59000015258789,38.10512
38.27000045776367,38.53444
38.34000015258789,38.392857
38.29999923706055,38.424156
38.13999938964844,38.365498
37.91999816894531,38.319298
37.97999954223633,38.308487
37.65999984741211,38.299522
37.4900016784668,38.271282
36.77000045776367,36.996082
37.33000183105469,36.565804
38.380001068115234,37.174065
39.34000015258789,37.96448
38.5,39.080063
39.27999877929688,38.49053
40.02999877929688,39.26122
40.66999816894531,39.91108
41.34000015258789,40.42119
41.970001220703125,41.104576
41.81999969482422,41.72839
41.060001373291016,41.86373
40.41999816894531,41.30185
40.150001525878906,40.850967
41.09999847412109,40.400936
40.70000076293945,40.787
41.16999816894531,40.52955
40.97999954223633,40.81544
41.25,41.33459
40.18999862670898,41.145016
40.25,39.76055
40.810001373291016,40.420822
41.43000030517578,40.819077
40.77999877929688,41.50119
40.09999847412109,41.19276
40.83000183105469,40.07739
41.220001220703125,40.8075
41.77000045776367,41.231956
42.13999938964844,41.761883
41.77999877929688,42.035625
42.36000061035156,41.65964
42.16999816894531,42.155342
41.810001373291016,41.97966
40.68999862670898,41.94038
40.54999923706055,40.431324
40.72999954223633,40.598614
39.0,40.44846
38.59000015258789,38.40727
37.93999862670898,38.876118
38.18999862670898,37.891693
36.86000061035156,38.605366
37.61000061035156,37.462456
37.11000061035156,37.344986
37.20000076293945,36.87156
37.2599983215332,38.13477
37.22999954223633,37.10405
37.97999954223633,37.0829
37.61000061035156,38.42419
37.5099983215332,38.076504
37.04999923706055,37.99895
36.11000061035156,37.70447
37.650001525878906,36.205387
37.68999862670898,37.238613
37.06999969482422,37.963524
37.18999862670898,36.608063
37.41999816894531,37.13594
36.040000915527344,37.072285
34.79999923706055,35.96901
35.369998931884766,34.449062
35.849998474121094,35.273876
35.33000183105469,36.624634
36.220001220703125,35.572388
37.08000183105469,36.264168
37.869998931884766,36.832813
37.18999862670898,36.47455
37.43999862670898,37.41587
38.02999877929688,36.891872
37.16999816894531,38.37623
37.47999954223633,37.28593
37.630001068115234,37.093384
37.59000015258789,37.071712
37.34999847412109,38.195736
38.59000015258789,36.92501
39.040000915527344,38.733154
39.20000076293945,39.105663
39.34000015258789,38.787674
39.43000030517578,39.34556
38.09000015258789,39.47371
38.130001068115234,37.470173
37.97999954223633,38.462566
39.22999954223633,38.353966
39.02000045776367,39.587315
38.290000915527344,38.41064
38.97999954223633,37.991405
39.290000915527344,38.676537
40.18999862670898,39.502487
39.650001525878906,39.964657
39.880001068115234,39.75991
39.470001220703125,39.937237
39.43000030517578,39.577915
39.52000045776367,39.52254
40.15999984741211,39.809353
40.119998931884766,39.97609
39.84999847412109,40.378128
40.310001373291016,39.988663
40.0099983215332,40.23279
39.2599983215332,40.36399
40.2400016784668,39.16821
39.470001220703125,40.01539
39.540000915527344,39.022354
39.40999984741211,39.82886
39.75,39.82678
40.68999862670898,39.989204
40.77999877929688,40.66625
40.90999984741211,40.58992
41.310001373291016,40.567036
41.400001525878906,41.190746
41.52000045776367,41.456474
41.93000030517578,41.463158
41.79999923706055,41.739468
41.630001068115234,41.658962
41.31999969482422,41.678764
41.58000183105469,41.517323
41.18000030517578,41.491676
40.91999816894531,41.286133
41.709999084472656,40.345665
41.2400016784668,41.612465
40.52000045776367,41.097412
40.959999084472656,40.28834
41.43000030517578,40.6827
41.33000183105469,41.288303
42.0,41.385544
42.459999084472656,41.75332
42.72999954223633,42.754852
42.619998931884766,42.80153
42.93999862670898,42.71117
44.40999984741211,42.645603
44.31999969482422,43.57293
44.560001373291016,44.359512
44.88999938964844,44.268425
44.56999969482422,44.345062
45.02999877929688,44.253593
45.41999816894531,44.57367
45.5099983215332,44.427177
45.81999969482422,44.36915
45.88999938964844,44.340385
45.95000076293945,44.51519
45.900001525878906,44.437843
45.720001220703125,44.650078
45.86000061035156,44.656296
45.75,44.76458
46.150001525878906,44.6026
46.09000015258789,44.66871
45.36000061035156,44.60565
44.91999816894531,44.435806
44.90999984741211,44.565712
44.93999862670898,44.575485
45.369998931884766,44.688797
45.36000061035156,44.630447
46.13999938964844,44.596565
46.15999984741211,45.22962
46.02999877929688,44.625526
46.68000030517578,44.677658
44.119998931884766,44.71
42.2599983215332,45.086395
43.11000061035156,42.3743
43.7599983215332,43.062866
44.36000061035156,43.31614
44.59999847412109,43.258095
43.75,44.499054
44.470001220703125,42.595383
44.41999816894531,43.752167
45.47999954223633,44.470108
45.400001525878906,45.536568
46.52999877929688,44.49109
46.40999984741211,45.70423
46.79999923706055,44.572678
46.66999816894531,44.78145
46.79999923706055,44.589767
46.97999954223633,44.67575
47.0099983215332,44.843475
46.66999816894531,44.780228
46.58000183105469,44.740807
46.13999938964844,44.66227
46.95000076293945,44.555313
47.2599983215332,45.576828
47.5099983215332,46.644897
48.11000061035156,46.600006
47.869998931884766,46.92897
47.18000030517578,46.73822
47.09000015258789,46.482246
46.83000183105469,46.6966
47.4900016784668,46.615776
47.22999954223633,46.705933
47.45000076293945,46.407257
47.5099983215332,46.4831
48.130001068115234,46.494957
48.13999938964844,46.92845
48.43999862670898,46.741844
48.27999877929688,48.130226
48.43000030517578,48.077736
46.720001220703125,47.735657
47.619998931884766,47.450706
47.58000183105469,47.47631
47.81999969482422,46.77205
46.70000076293945,46.856483
47.2599983215332,46.914436
47.31999969482422,46.689285
47.619998931884766,46.466164
47.13999938964844,46.70794
46.97999954223633,46.329453
46.9900016784668,46.276497
47.0,46.29541
46.95000076293945,46.25432
47.11000061035156,46.189354
47.02000045776367,46.43718
44.880001068115234,46.454353
45.75,46.94435
44.900001525878906,45.58593
44.86000061035156,44.802834
45.43999862670898,44.53559
44.790000915527344,44.92758
44.95000076293945,44.50892
45.709999084472656,44.739746
46.040000915527344,45.60878
46.66999816894531,44.49077
46.61000061035156,44.780174
46.56999969482422,44.366646
46.70000076293945,44.570114
47.18000030517578,44.549988
46.40999984741211,44.703835
47.09000015258789,45.085342
47.13999938964844,45.390778
46.83000183105469,44.670975
47.150001525878906,44.63971
47.29999923706055,46.650497
47.380001068115234,46.507217
47.68999862670898,46.462273
45.68999862670898,46.764923
45.470001220703125,47.08033
45.15999984741211,46.48752
45.08000183105469,44.54696
45.150001525878906,44.600243
45.43999862670898,44.701645
46.02000045776367,44.680695
46.04999923706055,44.920403
45.56999969482422,44.67652
45.84999847412109,44.447113
43.5099983215332,44.577057
43.369998931884766,42.905937
43.380001068115234,42.90441
43.220001220703125,43.005096
43.56999969482422,42.80071
43.4900016784668,42.93482
43.2599983215332,42.758987
43.65999984741211,42.968933
44.31999969482422,43.132618
45.709999084472656,43.49955
45.619998931884766,45.60456
45.93999862670898,44.42449
47.02999877929688,45.42685
46.369998931884766,45.68917
45.33000183105469,44.26168
45.400001525878906,44.986717
46.18000030517578,44.920227
45.93999862670898,46.167442
45.040000915527344,44.434204
44.970001220703125,44.871384
44.459999084472656,44.438805
44.650001525878906,43.080055
44.88999938964844,44.383583
43.59999847412109,44.427612
44.47999954223633,42.848213
43.97999954223633,43.566185
43.209999084472656,44.818764
44.02999877929688,42.821846
44.52999877929688,43.21185
44.84000015258789,44.66546
44.9900016784668,44.532814
45.79999923706055,44.35965
46.29999923706055,45.41198
46.13999938964844,44.531967
46.38999938964844,44.484985
46.13999938964844,44.593117
46.560001373291016,44.475235
45.90999984741211,44.736755
45.43000030517578,44.93981
46.209999084472656,44.286476
46.040000915527344,44.91977
45.970001220703125,44.41098
46.20000076293945,44.604523
46.5099983215332,44.598045
45.720001220703125,44.611526
45.63999938964844,45.01712
45.560001373291016,44.59497
46.4900016784668,44.582977
47.09999847412109,45.480194
46.540000915527344,44.77112
47.9900016784668,44.57067
48.13999938964844,45.912308
48.09999847412109,46.376762
49.25,48.48522
48.52000045776367,49.576294
48.68999862670898,48.500336
48.31999969482422,48.06469
48.25,48.030716
47.63999938964844,47.706924
47.619998931884766,46.529533
47.38999938964844,46.48678
47.34999847412109,46.493423
48.40999984741211,47.058937
48.16999816894531,48.942352
48.650001525878906,47.794052
47.66999816894531,48.23535
48.970001220703125,48.557007
49.2599983215332,49.015358
48.900001525878906,48.700882
49.380001068115234,47.8226
49.27000045776367,47.961807
49.63999938964844,47.608475
49.93000030517578,47.754677
50.470001220703125,47.79283
50.36000061035156,48.139503
50.52000045776367,47.831284
50.38999938964844,47.99582
51.619998931884766,47.89588
50.84000015258789,51.117714
51.630001068115234,50.374016
51.34999847412109,51.11763
51.34000015258789,51.56839
51.470001220703125,51.712494
51.7400016784668,51.69761
51.65999984741211,50.820312
51.29999923706055,51.281044
52.040000915527344,50.717842
51.380001068115234,51.879684
51.97999954223633,51.819977
51.25,51.6938
51.209999084472656,51.876625
51.40999984741211,48.557762
51.43000030517578,50.864235
52.150001525878906,50.688705
52.45000076293945,51.73684
52.209999084472656,52.589417
54.09999847412109,52.206314
53.04999923706055,55.996277
53.310001373291016,51.741646
53.150001525878906,52.63153
52.65999984741211,52.847847
53.130001068115234,52.73816
53.18000030517578,52.078613
53.08000183105469,52.08853
53.2400016784668,52.87165
53.43999862670898,53.262146
53.119998931884766,52.274506
53.31999969482422,51.819153
52.869998931884766,53.58239
53.20000076293945,54.14042
52.619998931884766,54.063408
52.709999084472656,53.990997
53.150001525878906,54.48999
52.84000015258789,54.461227
52.720001220703125,53.95352
52.83000183105469,53.31315
52.54999923706055,53.427696
52.33000183105469,53.88446
53.459999084472656,52.65663
53.02999877929688,53.54651
53.06999969482422,53.904854
53.130001068115234,53.46971
53.27000045776367,54.444702
54.43999862670898,54.09665
54.810001373291016,55.905884
54.83000183105469,59.50447
55.43000030517578,62.253174
55.04999923706055,61.793884
55.79999923706055,60.96292
55.93000030517578,61.048836
56.15999984741211,61.530945
56.70000076293945,61.222313
56.63999938964844,62.388046
56.31999969482422,62.505447
56.869998931884766,62.4963
56.27000045776367,62.629387
56.22999954223633,62.024483
56.15999984741211,60.879105
56.70000076293945,60.004715
56.83000183105469,62.316483
55.77000045776367,63.01368
55.84999847412109,61.382072
56.130001068115234,60.885628
56.08000183105469,61.285103
58.65999984741211,60.508484
59.22999954223633,58.779907
59.29999923706055,60.535065
59.5099983215332,63.129395
60.369998931884766,63.931625
60.34000015258789,66.00002
60.72999954223633,66.17768
60.810001373291016,66.51203
60.400001525878906,66.62323
60.09999847412109,66.38369
60.630001068115234,65.80585
60.150001525878906,66.57818
59.209999084472656,66.2708
58.9900016784668,65.47143
59.27999877929688,66.602234
59.380001068115234,66.67555
59.209999084472656,65.744095
59.5099983215332,64.166145
60.54999923706055,65.0249
60.33000183105469,67.013565
59.790000915527344,66.67352
60.61000061035156,66.59295
59.77000045776367,66.643105
59.2400016784668,65.40131
58.880001068115234,65.88097
59.400001525878906,65.88058
58.79999923706055,64.59008
59.310001373291016,64.974655
59.130001068115234,65.63637
59.77000045776367,66.21493
59.220001220703125,66.11338
59.630001068115234,66.329735
59.86000061035156,65.760086
59.79999923706055,64.56471
60.72999954223633,64.91892
61.18999862670898,65.90869
61.52000045776367,65.92443
61.54999923706055,66.39492
61.209999084472656,65.12931
61.380001068115234,65.66385
60.97999954223633,66.16125
61.369998931884766,66.46174
61.5,66.40174
60.540000915527344,64.50018
59.720001220703125,65.24542
59.90999984741211,66.363335
60.08000183105469,66.63162
59.790000915527344,66.357834
59.93999862670898,64.53663
60.20000076293945,65.02853
60.369998931884766,64.952774
60.130001068115234,64.454575
60.869998931884766,64.13792
60.13999938964844,64.521835
59.68000030517578,64.49827
58.56999969482422,65.08516
59.33000183105469,66.23095
59.619998931884766,66.73092
59.380001068115234,66.423775
62.13999938964844,66.49357
60.86000061035156,60.846916
61.25,62.43183
61.7400016784668,65.39252
62.959999084472656,66.88237
62.77000045776367,66.27296
62.68000030517578,66.43476
62.900001525878906,65.67687
63.459999084472656,66.250275
63.4900016784668,65.97285
63.900001525878906,64.82633
64.72000122070312,64.711945
64.37999725341797,64.77442
64.29000091552734,66.44998
64.70999908447266,63.895317
65.13999938964844,63.008286
65.0199966430664,63.49031
66.11000061035156,64.27287
66.13999938964844,65.83906
65.44000244140625,65.60968
65.68000030517578,64.354065
65.95999908447266,66.30664
66.08000183105469,64.94844
66.16999816894531,66.26932
66.08999633789062,65.2253
65.91999816894531,63.582542
65.77999877929688,63.21206
64.7300033569336,63.639458
64.11000061035156,64.342255
64.38999938964844,66.1336
63.97999954223633,65.102486
64.19999694824219,63.800575
64.87000274658203,64.52751
65.1500015258789,65.49736
65.83000183105469,65.857185
65.69999694824219,64.1434
66.36000061035156,64.08462
66.55999755859375,66.243744
66.5999984741211,65.03355
66.62000274658203,64.76015
67.54000091552734,64.01412
66.98999786376953,65.78596
66.91000366210938,63.969826
66.12000274658203,64.128845
66.44000244140625,65.35948
66.87999725341797,65.02807
67.25,63.712852
67.0199966430664,64.560394
67.31999969482422,65.06393
67.38999938964844,64.16946
67.70999908447266,66.40262
67.97000122070312,65.67826
67.48999786376953,64.46975
68.02999877929688,64.23311
68.0199966430664,63.773384
68.12999725341797,65.21519
68.37000274658203,64.79196
68.22000122070312,65.002396
68.25,63.319336
68.11000061035156,63.223274
67.47000122070312,62.972412
66.80999755859375,64.04904
67.12999725341797,65.34446
67.45999908447266,65.38356
67.30999755859375,65.45717
68.73999786376953,65.404655
68.79000091552734,66.371574
69.95999908447266,65.34812
69.91000366210938,65.54284
68.69000244140625,59.78248
69.36000061035156,62.303886
69.30999755859375,63.123085
70.58999633789062,63.996025
68.69000244140625,65.43463
69.23999786376953,66.511246
68.69000244140625,65.72931
66.23999786376953,64.85577
65.83000183105469,66.08047
65.88999938964844,64.55369
66.70999908447266,66.453804
67.37999725341797,65.11338
67.0,65.127655
67.05999755859375,66.627785
66.68000030517578,65.683876
66.51000213623047,66.248314
67.61000061035156,65.244514
67.66000366210938,65.96188
67.75,64.412674
67.4000015258789,65.50467
67.5199966430664,64.55917
67.3499984741211,64.42818
67.25,64.437096
67.30000305175781,63.0905
67.44999694824219,62.887
66.97000122070312,62.803185
67.5999984741211,62.863594
69.31999969482422,63.163925
68.80000305175781,63.91938
69.9000015258789,65.292595
70.05000305175781,65.11994
71.7699966430664,65.35262
70.79000091552734,65.824104
70.80000305175781,66.1464
71.7300033569336,64.03579
71.2300033569336,65.127426
72.05999755859375,65.087395
71.25,65.22469
68.22000122070312,66.30797
68.44999694824219,66.59926
68.05999755859375,65.0193
65.05000305175781,64.07997
66.9800033569336,65.96541
68.43000030517578,59.492905
68.33999633789062,61.01248
69.69999694824219,63.4459
72.0199966430664,66.07467
71.97000122070312,59.97847
71.08000183105469,61.334908
71.25,64.34584
70.68000030517578,65.86224
70.69999694824219,65.891785
70.58000183105469,64.775154
69.0,59.891037
68.58999633789062,62.546722
67.37999725341797,64.27625
67.51000213623047,64.54318
67.55000305175781,65.38627
68.11000061035156,66.70347
69.69999694824219,66.14191
69.8499984741211,64.28277
71.12999725341797,64.08473
70.70999908447266,65.78074
70.68000030517578,66.57485
69.91999816894531,66.559814
70.18000030517578,66.75559
69.9000015258789,65.76361
69.33999633789062,65.318085
69.8499984741211,64.22663
69.4000015258789,65.4098
67.47000122070312,65.38956
66.05999755859375,65.40889
68.19999694824219,65.93401
67.0,66.09277
66.4000015258789,66.161316
66.9000015258789,66.89467
64.43000030517578,65.65303
65.41999816894531,66.10741
65.44999694824219,64.96116
65.68000030517578,62.653885
63.650001525878906,62.67234
65.19000244140625,65.596504
66.63999938964844,64.3146
66.08000183105469,66.533554
67.19999694824219,66.497375
67.20999908447266,65.18858
68.16999816894531,65.96405
68.44000244140625,66.55433
69.55000305175781,64.43769
67.97000122070312,65.909645
67.55000305175781,65.94676
68.06999969482422,65.4977
66.63999938964844,66.30909
65.80000305175781,65.84385
66.37000274658203,63.836792
66.27999877929688,62.73192
65.73999786376953,65.52692
66.23999786376953,64.22161
65.91000366210938,66.39798
66.33999633789062,64.066666
67.0,66.57769
67.38999938964844,65.56722
67.37000274658203,64.52879
68.12999725341797,64.84272
68.86000061035156,65.97126
69.44999694824219,66.031105
69.20999908447266,65.680954
62.5,65.60199
61.93999862670898,53.539413
63.59000015258789,58.740753
64.31999969482422,58.58983
65.55000305175781,61.9972
64.83999633789062,61.119087
64.52999877929688,63.10058
64.12000274658203,64.76565
63.150001525878906,64.20391
61.84999847412109,64.92361
62.68999862670898,65.98438
61.91999816894531,65.64522
62.77999877929688,66.32545
63.380001068115234,66.58272
63.52000045776367,66.68982
65.19000244140625,66.73762
65.2300033569336,66.97409
65.7300033569336,65.64871
66.12999725341797,65.37937
66.31999969482422,65.41022
66.26000213623047,64.798416
66.30999755859375,65.60532
66.12999725341797,63.36165
64.97000122070312,64.74115
63.52000045776367,64.89301
62.790000915527344,63.131653
63.040000915527344,59.127655
62.790000915527344,61.68534
61.20000076293945,63.41272
61.97999954223633,64.66339
61.13999938964844,66.41511
61.290000915527344,65.55382
61.84000015258789,66.589
61.470001220703125,66.30432
61.25,66.730515
61.79999923706055,65.272415
62.290000915527344,64.99919
63.119998931884766,66.608604
63.66999816894531,66.92526
62.86000061035156,66.48132
63.45000076293945,67.091484
63.380001068115234,66.90177
62.720001220703125,65.76893
63.040000915527344,64.46605
62.9900016784668,64.96095
64.1500015258789,65.278564
63.84999847412109,65.88781
63.720001220703125,66.09746
64.79000091552734,66.465866
65.95999908447266,65.83441
66.75,66.50244
65.75,65.17461
64.62999725341797,65.88221
66.04000091552734,66.618614
64.9800033569336,65.764244
65.29000091552734,66.7097
65.7300033569336,65.9655
66.51000213623047,66.19834
67.66000366210938,66.24409
67.37999725341797,64.21237
66.69000244140625,64.97013
66.26000213623047,65.34239
65.94000244140625,65.82856
66.75,66.35189
64.7300033569336,64.268
65.5,60.299294
64.66000366210938,62.658356
64.47000122070312,65.07465
64.93000030517578,66.15429
65.6500015258789,65.704155
65.69000244140625,64.99927
65.9800033569336,66.09556
66.08000183105469,66.19744
66.69000244140625,65.544556
67.01000213623047,64.0863
67.26000213623047,65.453316
67.54000091552734,65.74806
67.2699966430664,65.11639
66.95999908447266,65.406235
67.36000061035156,65.89814
67.4000015258789,65.01226
67.93000030517578,63.514008
67.62000274658203,65.47761
67.91000366210938,66.32918
69.33000183105469,64.572334
68.8499984741211,64.37059
69.08000183105469,65.29433
68.93000030517578,65.05409
69.55999755859375,66.1435
71.12999725341797,65.141014
70.72000122070312,64.30668
69.94999694824219,65.03475
70.37999725341797,64.65825
70.33000183105469,65.5932
70.80000305175781,66.11648
70.54000091552734,65.74666
71.26000213623047,65.119286
71.68000030517578,65.56901
70.66000366210938,65.19299
70.30000305175781,65.95793
69.5,64.40097
69.41000366210938,66.03019
66.66999816894531,66.23535
64.88999938964844,65.164055
66.23999786376953,64.74219
65.62999725341797,63.17518
67.45999908447266,63.97767
67.19999694824219,65.57324
65.75,65.85642
64.47000122070312,66.54459
64.27999877929688,66.56271
62.72999954223633,66.57786
61.130001068115234,64.006294
62.61000061035156,61.24832
62.72999954223633,65.5213
62.08000183105469,65.11319
63.63999938964844,63.736824
64.79000091552734,65.635895
65.22000122070312,65.66535
65.93000030517578,66.35899
65.91000366210938,66.49334
65.9800033569336,66.423935
68.26000213623047,66.131996
67.79000091552734,65.93757
67.2699966430664,65.00469
64.5,65.26864
64.33999633789062,63.056053
63.470001220703125,65.49702
64.72000122070312,63.307526
64.98999786376953,62.6929
62.61000061035156,65.42976
67.5199966430664,64.66942
67.72000122070312,61.34706
68.20999908447266,61.143036
69.25,64.40581
69.36000061035156,64.738464
71.4800033569336,65.377884
71.56999969482422,66.46737
71.91000366210938,65.805305
70.25,66.23734
70.58999633789062,64.830345
71.05000305175781,66.499405
71.75,66.097595
71.13999938964844,64.25973
69.36000061035156,65.7662
67.8499984741211,66.86957
67.98999786376953,67.20879
66.83000183105469,66.36317
65.19000244140625,66.72656
63.290000915527344,66.2575
62.66999816894531,58.94507
65.54000091552734,62.215523
66.4800033569336,63.487427
65.95999908447266,65.50693
67.45999908447266,65.8422
65.69000244140625,66.73527
63.27000045776367,65.72453
65.45999908447266,60.849895
66.8499984741211,61.72918
67.83000183105469,64.57706
69.25,64.96729
69.9000015258789,66.05949
70.37999725341797,64.639435
69.75,63.470047
70.5999984741211,64.15533
70.02999877929688,66.210175
70.81999969482422,65.9061
71.93000030517578,64.41417
71.31999969482422,63.972725
71.6500015258789,65.47581
67.63999938964844,66.08328
69.30000305175781,61.116066
69.11000061035156,58.527206
68.93000030517578,61.91446
68.31999969482422,64.543396
67.97000122070312,64.79086
67.69999694824219,60.690155
68.36000061035156,57.41543
67.08000183105469,61.243233
67.30000305175781,65.48187
66.88999938964844,63.99951
67.05000305175781,64.22423
66.98999786376953,64.26977
67.94999694824219,65.28116
68.3499984741211,64.93292
69.16000366210938,62.13703
69.5199966430664,65.27337
70.29000091552734,65.01336
70.08999633789062,65.49096
70.29000091552734,63.437515
70.30000305175781,65.79738
69.97000122070312,65.252785
70.29000091552734,65.66417
71.91000366210938,64.74734
71.73999786376953,64.081825
71.6500015258789,61.76847
70.55000305175781,61.28643
69.94999694824219,65.93971
69.58999633789062,64.84643
70.12999725341797,64.127144
68.69999694824219,65.23375
69.08999633789062,65.78111
69.88999938964844,65.58403
69.58000183105469,64.27088
69.8499984741211,63.88694
69.5,64.04512
70.37000274658203,65.555504
70.1500015258789,65.48981
69.41000366210938,65.68306
69.20999908447266,64.88368
68.08000183105469,64.3883
65.86000061035156,65.72078
67.66000366210938,66.18899
67.97000122070312,64.63799
69.48999786376953,66.12791
68.63999938964844,66.48963
66.62999725341797,67.09269
67.63999938964844,66.807365
65.58999633789062,66.67488
69.58999633789062,65.18255
71.08000183105469,59.706116
71.75,61.180706
71.12000274658203,63.80816
71.73999786376953,66.20235
69.55000305175781,66.52485
69.63999938964844,65.20567
69.4800033569336,65.001396
69.94000244140625,66.18479
70.69999694824219,66.3725
71.11000061035156,65.052666
70.41000366210938,65.69976
70.86000061035156,66.18976
70.75,66.22556
68.83999633789062,62.663826
63.41999816894531,58.967003
69.19999694824219,57.042225
64.12999725341797,61.64086
70.44000244140625,54.272537
68.87000274658203,62.86747
65.76000213623047,64.46723
66.45999908447266,65.67026
63.369998931884766,64.06681
67.0,64.57138
69.0,64.76978
70.91000366210938,65.25158
71.62000274658203,66.38584
68.91999816894531,66.77315
